Reference Designator,Description,Manufacturer,Manufacturer Part Number,Suppliers,Package,Quantity,Mouser Part Number,Digikey Description,Verified Pad Assignment,Verified Attributes,Digikey Part Number,Verified Geometry,Verified Pin Names,Centroid Not Specified,Size Length,Mounting Type,Category 4C11811B7D3097D6,Category 85Ce48C4B2B95E09,Temperature Range Low,Voltage Rating Dc,Category 7542B8484461Ae85,Capacitance,Imported From,Temperature Range High,Voltage,Category F8883582C9A8234F,Size Width,Size Height,Category A1D76Cdd91F27A10,Category 848D4987B4D35F4A,Wavelength,Category Fd183012Cd2A26Df,Category 0Dd3C0D93D8Cd614,Description,Mount,Number Of Rows,Number Of Pins,Pitch,Ipc Land Pattern Name,Power,Resistance,Temperature Coefficient,Tolerance,Operating Force,Termination Style,"Actuator Height Off Pcb, Vertical",Actuator Orientation,Mechanical Life,Outline,Switch Function,Circuit,Contact Rating @ Voltage,Switch Travel,Actuator Type,Illumination,Actuator Material,Operating Temperature,"Actuator Height Off Pcb, From Pins",Standard Package,Packaging,Other Names,Category 3Ab6F7Bc09C5E171,Category 8C8C4186Bc1A574B,Category 785Db5574B2Da39A
BT1,PC BATTERY HOLDER (2) 'AAA',Keystone,2468,,BAT_HOLDER,1,534-2468,HOLDER BATTERY 2CELL AAA PC MNT,false,false,36-2468-ND,false,false,No,,,,,,,,,,,,,,,,,,,,,,,,,,,,,,,,,,,,,,,,,,,,,,,,,,
C1 C2,Chip Monolithic Ceramic Capacitor,Murata,GRM216R71H103KA01D,Digi-Key 490-1664-1-ND/Digi-Key 490-1664-6-ND/Digi-Key 490-1664-2-ND/Newark 14T3354,0805 (2012 metric),2,81-GRM40X103K50D,10000pF ±10% 50V Ceramic Capacitor X7R 0805 (2012 Metric),true,true,490-1664-1-ND,true,true,,2.00 mm,surface mount,Single Components,Uncategorized,-55°C,50V,Passive Components,10nF,octopart,+125°C,50V,Capacitors,1.25 mm,0.60 mm,,,,,,,,,,,,,,,,,,,,,,,,,,,,,,,,,,,,
C3,"220µF 6.3V Aluminum Electrolytic Capacitors Radial, Can - SMD 1000 Hrs @ 105°C",Panasonic,EEE-HA0J221WP,,RADIAL,1,667-EEE-HA0J221WP,CAP ALUM 220UF 20% 6.3V SMD,true,true,PCE4161CT-ND,true,true,No,,,,,-40°C,,,220.0µF,,+105°C,6.3V,,,,,,,,,,,,,,,,,,,,,,,,,,,,,,,,,,,,,,,
D1,Blue 473nm LED Indication - Discrete 3.2V 1206 (3216 Metric),Dialight,598-8291-107F,,1206 (3216 metric),1,645-598-8291-102F,LED BLUE CLEAR 1206 SMD,true,true,350-2055-1-ND,true,true,No,,,,,-35°C,,,,,+85°C,,,,,,,,,,,,,,,,,,,,,,,,,,,,,,,,,,,,,,,,
D4,"5mm Infrared LED , T-1",Everlight,IR333C,Digi-Key 1080-1081-ND,RADIAL,1,638-IR333C,Infrared (IR) Emitter 940nm 1.2V 100mA 7.8mW/sr @ 20mA 20° Radial,true,true,1080-1081-ND,true,true,No,,,,,-40°C,,,,octopart,+85°C,,,,,LEDs,Optoelectronics,940nm,IR Emitters,Light Sources and Emitters,,,,,,,,,,,,,,,,,,,,,,,,,,,,,,,
D5 D6 D7,Intelligent control LED,World-Semi,WS2812,,SMD6,3,,,true,true,,true,true,No,,,,,-25°C,,,,,+80°C,,,,,,,,,,,,,,,,,,,,,,,,,,,,,,,,,,,,,,,,
IR-Rx-VS1838B,,,VS1838B,,,1,,,,,,,,,,,,,,,,,,,,,,,,,,,,remote control IR sensor,,,,,,,,,,,,,,,,,,,,,,,,,,,,,,
J1 J12,"3 pin Header, 0.1"" / 2.54mm Pitch, Through-hole, Generic",Generic,3 Pin Header,,,2,,,,,,,,,,,,,,,,,,,,,,,,,,,,,Through-hole,1,3,"0.1"" / 2.54mm",,,,,,,,,,,,,,,,,,,,,,,,,,
Q2,NPN General Purpose Amplifier,ON Semi,MMBT3904,,SOT-23,1,512-MMBT3904,TRANS NPN 40V 0.2A SOT-23,true,true,MMBT3904FSCT-ND,true,true,Yes,,,,,-55°C,,,,,+150°C,,,,,,,,,,,,,,,SOT95P240X120-3,,,,,,,,,,,,,,,,,,,,,,,,,
R1 R2 R3 R4 R5 R6 R7 R8,GENERAL PURPOSE CHIP RESISTORS,YAGEO,RC1206JR-07220RL,,1206 (3216 metric),8,603-RC1206JR-07220RL,RES SMD 220 OHM 5% 1/4W 1206,true,true,311-220ERCT-ND,true,true,No,,,,,-55°C,,,,,+155°C,200V,,,,,,,,,,,,,,RESC320160X55,250mW,220Ω,±100ppm/°C,±5%,,,,,,,,,,,,,,,,,,,,,
SW01,"6 MM TACT SWITCH, THRU-HOLE HIGH TEMP",TE,1825910-7,,Through Hole,1,506-FSM4JAH,Tactile Switch SPST-NO Top Actuated Through Hole,true,true,450-1804-ND,true,true,No,,Through Hole,,,-35°C,,,,,+85°C,,,,,,,,,,,,,,,,,,,,260gf,PC Pin,5.00mm,Top Actuated,"100,000 Cycles",6.00mm x 6.00mm,Off-Mom,SPST-NO,0.05A @ 24VDC,0.25mm,Standard,Non-Illuminated,Polybutylene Terephthalate (PBT),,,,,,,,
SW2,Sub-Miniature Slide Switch - RIGHT ANGLE SURFACE MOUNT SPDT,C&K,JS102011SAQN,,SMT_SWITCH_9MM_3.6MM,1,611-JS102011SAQN,"Slide Switch SPDT Surface Mount, Right Angle",true,true,401-1999-1-ND,true,true,No,,,,,-40°C,,,,,+85°C,,,,,,,,,,,,,,,,,,,,,,,,,,,,,,,,,,,,,,,,
SW3,"6mm Tact Switch, Straight Termination, 160 grams actuation force",C&K,PTS645SM43SMTR92 LFS,,SW_SMT_6MM0_6MM0_TACT,1,611-PTS645SM43SMTR92,Tactile Switch SPST-NO Top Actuated Surface Mount,true,true,CKN9112CT-ND,true,true,No,,Surface Mount,,,-20°C,,,,PartsBot,+60°C,12V,,,,,,,,,,,,,,,,,,,160gf,Gull Wing,,Top Actuated,"100,000 Cycles",6.00mm x 6.00mm,Off-Mom,SPST-NO,0.05A @ 12VDC,,Standard,Non-Illuminated,"Polyamide (PA66), Nylon 6/6",-20°C ~ 60°C,4.30mm,"1,000",Cut Tape (CT),CKN9112CT,,,
U104,Piezo buzzer,,12mm Piezo - 7mm pitch pins,Digi-Key 445-2525-1-ND/Digi-Key 445-2525-3-ND/Newark 17T6875,,1,,,,,,,,,,,,,,,,,,,,,,,,,,,,,,,,,,,,,,,,,,,,,,,,,,,,,,,,Speakers,Sound Input/Output,Buzzers
U79,WiFi Module,AI-Thinker,ESP8266 ESP-12F,,22-Castellation,1,,,,,,,,,,,,,,,,,,,,,,,,,,,,,,,,,,,,,,,,,,,,,,,,,,,,,,,,,,
vibrating disc,No description,,DC Micro Vibrating Motor,,,1,,,,,,,,,,,,,,,,,,,,,,,,,,,,,,,,,,,,,,,,,,,,,,,,,,,,,,,,,,
